ID,title,prio,descr,impact,criticality,createdAt,createdBy,modifiedAt,modifiedBy
43464549-04b0-4768-b941-7e4751a3f89d,title-4346454,prid-4346454,descr-4346454,34,30,2022-04-29T00:00:00.000Z,createdBy.2l5qu@example.org,2020-01-20T00:00:00.000Z,modifiedBy.2l5qu@example.org
43464556-1a46-45e7-8f1f-e0f9159a0c86,title-4346455,prid-4346455,descr-4346455,67,84,2016-05-19T00:00:00.000Z,createdBy.2l5qv@example.org,2020-08-20T00:00:00.000Z,modifiedBy.2l5qv@example.net
4346456d-1e1d-4542-bc88-f742bd29acf3,title-4346456,prid-4346456,descr-4346456,91,66,2006-05-02T00:00:00.000Z,createdBy.2l5qw@example.net,2007-12-28T00:00:00.000Z,modifiedBy.2l5qw@example.net
4346457e-3dbf-4ead-a1fb-28139957f3b0,title-4346457,prid-4346457,descr-4346457,58,66,2005-09-26T00:00:00.000Z,createdBy.2l5qx@example.net,2018-02-16T00:00:00.000Z,modifiedBy.2l5qx@example.net
43464589-3e09-4486-b6f6-afcca82941be,title-4346458,prid-4346458,descr-4346458,75,77,2012-09-26T00:00:00.000Z,createdBy.2l5qy@example.com,2001-10-02T00:00:00.000Z,modifiedBy.2l5qy@example.net
43464591-975a-4652-891e-ab6a2ea4e3c8,title-4346459,prid-4346459,descr-4346459,38,79,2012-04-01T00:00:00.000Z,createdBy.2l5qz@example.net,2008-07-27T00:00:00.000Z,modifiedBy.2l5qz@example.org
43464600-d698-455a-83d7-6f33925bc8c5,title-4346460,prid-4346460,descr-4346460,43,59,2000-08-12T00:00:00.000Z,createdBy.2l5r0@example.net,2000-05-21T00:00:00.000Z,modifiedBy.2l5r0@example.net
4346461b-efdf-4268-952c-112c57c81b94,title-4346461,prid-4346461,descr-4346461,28,4,2007-02-22T00:00:00.000Z,createdBy.2l5r1@example.org,2012-10-09T00:00:00.000Z,modifiedBy.2l5r1@example.org
43464622-303c-49a3-8977-39e9c47bce3b,title-4346462,prid-4346462,descr-4346462,98,6,2013-05-07T00:00:00.000Z,createdBy.2l5r2@example.net,2012-08-25T00:00:00.000Z,modifiedBy.2l5r2@example.org
43464633-5015-47c2-9dff-a23baf39effc,title-4346463,prid-4346463,descr-4346463,29,72,2005-04-07T00:00:00.000Z,createdBy.2l5r3@example.net,2007-04-28T00:00:00.000Z,modifiedBy.2l5r3@example.com
43464640-16c6-4680-a163-ed922aae9f09,title-4346464,prid-4346464,descr-4346464,89,0,2016-08-24T00:00:00.000Z,createdBy.2l5r4@example.net,2000-09-18T00:00:00.000Z,modifiedBy.2l5r4@example.net
4346465c-7180-473e-bc61-7f0a0c1b44e7,title-4346465,prid-4346465,descr-4346465,12,97,2019-10-30T00:00:00.000Z,createdBy.2l5r5@example.org,2006-11-19T00:00:00.000Z,modifiedBy.2l5r5@example.net
4346466b-9e0a-46fc-b9d6-28eaccc93640,title-4346466,prid-4346466,descr-4346466,81,87,2000-08-02T00:00:00.000Z,createdBy.2l5r6@example.net,2013-12-28T00:00:00.000Z,modifiedBy.2l5r6@example.net
4346467c-dc3f-4753-ac7a-1ef3a0a1c322,title-4346467,prid-4346467,descr-4346467,6,74,2020-05-02T00:00:00.000Z,createdBy.2l5r7@example.org,2016-08-22T00:00:00.000Z,modifiedBy.2l5r7@example.org
43464686-5312-4ecf-84ae-1e085e1c4c77,title-4346468,prid-4346468,descr-4346468,4,21,2006-02-28T00:00:00.000Z,createdBy.2l5r8@example.net,2015-11-29T00:00:00.000Z,modifiedBy.2l5r8@example.com
43464692-a176-463e-87be-68ab4ea8dd06,title-4346469,prid-4346469,descr-4346469,62,17,2020-06-20T00:00:00.000Z,createdBy.2l5r9@example.net,2005-09-07T00:00:00.000Z,modifiedBy.2l5r9@example.com
43464700-f6fb-4665-abd3-1013966a3fe2,title-4346470,prid-4346470,descr-4346470,58,24,2001-03-06T00:00:00.000Z,createdBy.2l5ra@example.net,2015-02-27T00:00:00.000Z,modifiedBy.2l5ra@example.net
43464710-e1c1-46ea-b733-38699c9950e4,title-4346471,prid-4346471,descr-4346471,83,21,2006-12-06T00:00:00.000Z,createdBy.2l5rb@example.net,2011-06-25T00:00:00.000Z,modifiedBy.2l5rb@example.net
43464729-7eca-47d3-bd72-c692447fd1b4,title-4346472,prid-4346472,descr-4346472,2,49,2009-02-02T00:00:00.000Z,createdBy.2l5rc@example.com,2015-04-13T00:00:00.000Z,modifiedBy.2l5rc@example.net
43464739-f885-4e7e-928d-c72f0e3bc395,title-4346473,prid-4346473,descr-4346473,1,52,2014-12-31T00:00:00.000Z,createdBy.2l5rd@example.org,2012-08-25T00:00:00.000Z,modifiedBy.2l5rd@example.com
4346474c-e527-45f0-b39d-8765a71cbee2,title-4346474,prid-4346474,descr-4346474,84,31,2010-04-06T00:00:00.000Z,createdBy.2l5re@example.com,2008-12-11T00:00:00.000Z,modifiedBy.2l5re@example.com
43464758-7da4-4f52-b6d2-bc577ac7656d,title-4346475,prid-4346475,descr-4346475,97,50,2022-03-07T00:00:00.000Z,createdBy.2l5rf@example.com,2012-09-18T00:00:00.000Z,modifiedBy.2l5rf@example.org
43464761-4438-407d-81ac-fd7bc88e4dae,title-4346476,prid-4346476,descr-4346476,45,70,2015-12-15T00:00:00.000Z,createdBy.2l5rg@example.net,2003-12-12T00:00:00.000Z,modifiedBy.2l5rg@example.org
43464779-0fca-43ac-9d5f-f1535f7c8110,title-4346477,prid-4346477,descr-4346477,75,55,2019-10-21T00:00:00.000Z,createdBy.2l5rh@example.net,2004-11-06T00:00:00.000Z,modifiedBy.2l5rh@example.net
43464786-3674-4a97-8ead-14219bde0502,title-4346478,prid-4346478,descr-4346478,6,52,2019-12-03T00:00:00.000Z,createdBy.2l5ri@example.net,2021-10-30T00:00:00.000Z,modifiedBy.2l5ri@example.net
43464796-f8d0-4e1c-908c-868eaff86fd5,title-4346479,prid-4346479,descr-4346479,62,78,2005-08-17T00:00:00.000Z,createdBy.2l5rj@example.org,2003-12-19T00:00:00.000Z,modifiedBy.2l5rj@example.net
43464800-7c22-4a35-939e-24a2c1d34516,title-4346480,prid-4346480,descr-4346480,43,11,2005-02-02T00:00:00.000Z,createdBy.2l5rk@example.net,2003-05-09T00:00:00.000Z,modifiedBy.2l5rk@example.com
43464812-b080-4711-9f44-486ea63f005f,title-4346481,prid-4346481,descr-4346481,67,25,2007-06-28T00:00:00.000Z,createdBy.2l5rl@example.com,2015-03-02T00:00:00.000Z,modifiedBy.2l5rl@example.com
43464824-59a1-4cae-bba8-dfe067a103eb,title-4346482,prid-4346482,descr-4346482,30,47,2022-04-25T00:00:00.000Z,createdBy.2l5rm@example.net,2020-07-23T00:00:00.000Z,modifiedBy.2l5rm@example.com
43464833-0a96-4779-b3dc-27ca8d049389,title-4346483,prid-4346483,descr-4346483,19,35,2014-07-18T00:00:00.000Z,createdBy.2l5rn@example.org,2017-11-23T00:00:00.000Z,modifiedBy.2l5rn@example.net
43464842-4359-4702-8757-b74ebf709b3b,title-4346484,prid-4346484,descr-4346484,23,46,2011-08-14T00:00:00.000Z,createdBy.2l5ro@example.com,2018-10-27T00:00:00.000Z,modifiedBy.2l5ro@example.com
43464852-efdc-4f30-b321-45e157991dd1,title-4346485,prid-4346485,descr-4346485,84,78,2008-04-06T00:00:00.000Z,createdBy.2l5rp@example.org,2017-03-22T00:00:00.000Z,modifiedBy.2l5rp@example.org
4346486b-c7e2-422c-b749-0fa7c2b273ee,title-4346486,prid-4346486,descr-4346486,53,26,2014-11-18T00:00:00.000Z,createdBy.2l5rq@example.com,2020-01-31T00:00:00.000Z,modifiedBy.2l5rq@example.org
4346487a-7238-4571-95e4-b0e0c14fedf3,title-4346487,prid-4346487,descr-4346487,65,11,2009-10-26T00:00:00.000Z,createdBy.2l5rr@example.net,2010-06-09T00:00:00.000Z,modifiedBy.2l5rr@example.net
43464885-761f-4ed8-9855-9bba0c235ca0,title-4346488,prid-4346488,descr-4346488,74,30,2003-03-20T00:00:00.000Z,createdBy.2l5rs@example.com,2000-07-20T00:00:00.000Z,modifiedBy.2l5rs@example.net
4346489a-8cf9-44bb-8624-9b9e91b4c82e,title-4346489,prid-4346489,descr-4346489,4,72,2000-05-20T00:00:00.000Z,createdBy.2l5rt@example.net,2016-03-23T00:00:00.000Z,modifiedBy.2l5rt@example.net
43464909-7412-4ae5-a498-9abc82263bdf,title-4346490,prid-4346490,descr-4346490,27,35,2007-03-14T00:00:00.000Z,createdBy.2l5ru@example.org,2020-04-05T00:00:00.000Z,modifiedBy.2l5ru@example.net
43464911-d9c1-4e7d-9d7f-0f334f7f8a29,title-4346491,prid-4346491,descr-4346491,96,84,2013-10-15T00:00:00.000Z,createdBy.2l5rv@example.net,2000-08-12T00:00:00.000Z,modifiedBy.2l5rv@example.com
43464929-6798-4109-b82e-3d72b3ebeaa0,title-4346492,prid-4346492,descr-4346492,35,49,2016-02-10T00:00:00.000Z,createdBy.2l5rw@example.net,2003-05-20T00:00:00.000Z,modifiedBy.2l5rw@example.net
43464938-7592-4af1-97e8-4fd2d0bf5125,title-4346493,prid-4346493,descr-4346493,45,65,2018-08-17T00:00:00.000Z,createdBy.2l5rx@example.org,2005-09-07T00:00:00.000Z,modifiedBy.2l5rx@example.net