ID,description,owner,timeline,createdAt,createdBy,modifiedAt,modifiedBy
30808348-a095-4758-9a6c-ada45ee5a976,description-30808348,owner-30808348,timeline-30808348,2021-03-23T00:00:00.000Z,createdBy.icbvg@example.net,2009-12-31T00:00:00.000Z,modifiedBy.icbvg@example.net
30808349-fcf5-49e6-99f4-ccaf2a27f3f3,description-30808349,owner-30808349,timeline-30808349,2007-12-08T00:00:00.000Z,createdBy.icbvh@example.com,2000-10-10T00:00:00.000Z,modifiedBy.icbvh@example.com
30808350-11d8-4893-b093-02561ceacc9b,description-30808350,owner-30808350,timeline-30808350,2000-01-13T00:00:00.000Z,createdBy.icbvi@example.net,2000-07-08T00:00:00.000Z,modifiedBy.icbvi@example.org
30808351-43c3-439b-8e58-5db291aca4b2,description-30808351,owner-30808351,timeline-30808351,2006-09-13T00:00:00.000Z,createdBy.icbvj@example.org,2003-03-07T00:00:00.000Z,modifiedBy.icbvj@example.net
30808352-cabd-4a91-b111-82015fd45390,description-30808352,owner-30808352,timeline-30808352,2012-07-01T00:00:00.000Z,createdBy.icbvk@example.com,2003-04-17T00:00:00.000Z,modifiedBy.icbvk@example.net
30808353-5ddb-46e1-806e-13b48d179390,description-30808353,owner-30808353,timeline-30808353,2022-08-12T00:00:00.000Z,createdBy.icbvl@example.com,2010-03-11T00:00:00.000Z,modifiedBy.icbvl@example.com
30808354-977d-48f6-b5e8-3b5b5db1b1fd,description-30808354,owner-30808354,timeline-30808354,2009-09-27T00:00:00.000Z,createdBy.icbvm@example.com,2010-03-13T00:00:00.000Z,modifiedBy.icbvm@example.net
30808355-686d-4fa6-a7ce-b397efb4321a,description-30808355,owner-30808355,timeline-30808355,2000-07-23T00:00:00.000Z,createdBy.icbvn@example.net,2014-08-30T00:00:00.000Z,modifiedBy.icbvn@example.com
30808356-2392-41eb-aa35-8773dd7ee2f6,description-30808356,owner-30808356,timeline-30808356,2021-08-10T00:00:00.000Z,createdBy.icbvo@example.org,2015-11-18T00:00:00.000Z,modifiedBy.icbvo@example.org
30808357-a670-4b6c-8851-6e15f1a80114,description-30808357,owner-30808357,timeline-30808357,2001-05-13T00:00:00.000Z,createdBy.icbvp@example.org,2017-09-02T00:00:00.000Z,modifiedBy.icbvp@example.net
30808358-70e1-42bd-a7a7-a2acf8586708,description-30808358,owner-30808358,timeline-30808358,2002-10-08T00:00:00.000Z,createdBy.icbvq@example.org,2003-04-23T00:00:00.000Z,modifiedBy.icbvq@example.org
30808359-10f0-4461-b7b1-ed03f87d691a,description-30808359,owner-30808359,timeline-30808359,2000-04-22T00:00:00.000Z,createdBy.icbvr@example.org,2021-04-10T00:00:00.000Z,modifiedBy.icbvr@example.net
30808360-93b0-4d69-9a7c-a8a388460ecc,description-30808360,owner-30808360,timeline-30808360,2018-10-11T00:00:00.000Z,createdBy.icbvs@example.net,2012-01-04T00:00:00.000Z,modifiedBy.icbvs@example.net
30808361-11c8-4f33-8a18-5eacb1a3e9e2,description-30808361,owner-30808361,timeline-30808361,2005-05-15T00:00:00.000Z,createdBy.icbvt@example.org,2012-02-29T00:00:00.000Z,modifiedBy.icbvt@example.net
30808362-e110-4326-9a4b-6f3eb6eb586d,description-30808362,owner-30808362,timeline-30808362,2022-07-01T00:00:00.000Z,createdBy.icbvu@example.net,2017-07-13T00:00:00.000Z,modifiedBy.icbvu@example.com
30808363-82c0-4384-8d76-36d6aee38ea1,description-30808363,owner-30808363,timeline-30808363,2014-02-26T00:00:00.000Z,createdBy.icbvv@example.com,2015-10-16T00:00:00.000Z,modifiedBy.icbvv@example.com
30808364-347a-4392-880d-367c58b151f8,description-30808364,owner-30808364,timeline-30808364,2013-08-03T00:00:00.000Z,createdBy.icbvw@example.net,2022-06-18T00:00:00.000Z,modifiedBy.icbvw@example.com
30808365-a3c2-40fc-9d2b-065f6e1ac1a1,description-30808365,owner-30808365,timeline-30808365,2003-11-28T00:00:00.000Z,createdBy.icbvx@example.net,2005-07-04T00:00:00.000Z,modifiedBy.icbvx@example.com
30808366-e91f-4bed-8152-ab293ed152e0,description-30808366,owner-30808366,timeline-30808366,2018-10-24T00:00:00.000Z,createdBy.icbvy@example.com,2002-01-09T00:00:00.000Z,modifiedBy.icbvy@example.org
30808367-ba32-44e9-b003-79ef4f453f88,description-30808367,owner-30808367,timeline-30808367,2010-06-19T00:00:00.000Z,createdBy.icbvz@example.com,2018-01-24T00:00:00.000Z,modifiedBy.icbvz@example.org
30808368-2270-47ca-ab45-a55dda3f7dbd,description-30808368,owner-30808368,timeline-30808368,2023-07-02T00:00:00.000Z,createdBy.icbw0@example.org,2023-02-21T00:00:00.000Z,modifiedBy.icbw0@example.net
30808369-1e4a-45fb-a8c3-2706f2a487e0,description-30808369,owner-30808369,timeline-30808369,2017-08-26T00:00:00.000Z,createdBy.icbw1@example.org,2022-07-17T00:00:00.000Z,modifiedBy.icbw1@example.net
30808370-3e45-470b-96e6-442a6753129e,description-30808370,owner-30808370,timeline-30808370,2005-08-23T00:00:00.000Z,createdBy.icbw2@example.com,2019-09-02T00:00:00.000Z,modifiedBy.icbw2@example.net
30808371-1aee-4e0d-879b-f2d882808832,description-30808371,owner-30808371,timeline-30808371,2021-09-30T00:00:00.000Z,createdBy.icbw3@example.net,2008-06-08T00:00:00.000Z,modifiedBy.icbw3@example.com
30808372-7a7c-4423-b96d-1b9a1a349b55,description-30808372,owner-30808372,timeline-30808372,2009-03-04T00:00:00.000Z,createdBy.icbw4@example.net,2016-03-20T00:00:00.000Z,modifiedBy.icbw4@example.org
30808373-2b46-4793-b407-3546693dfba4,description-30808373,owner-30808373,timeline-30808373,2017-09-26T00:00:00.000Z,createdBy.icbw5@example.com,2013-11-29T00:00:00.000Z,modifiedBy.icbw5@example.com
30808374-e518-4adb-b169-3560e4f302b0,description-30808374,owner-30808374,timeline-30808374,2000-05-19T00:00:00.000Z,createdBy.icbw6@example.org,2011-04-26T00:00:00.000Z,modifiedBy.icbw6@example.net
30808375-b18c-4fd2-a3f8-95692511ea77,description-30808375,owner-30808375,timeline-30808375,2017-02-09T00:00:00.000Z,createdBy.icbw7@example.org,2002-08-31T00:00:00.000Z,modifiedBy.icbw7@example.com
30808376-1165-47e7-a3ff-e4faab4c2fa0,description-30808376,owner-30808376,timeline-30808376,2009-08-15T00:00:00.000Z,createdBy.icbw8@example.com,2016-07-20T00:00:00.000Z,modifiedBy.icbw8@example.org
30808377-dd62-4b10-a64c-375c9b25baf1,description-30808377,owner-30808377,timeline-30808377,2016-12-30T00:00:00.000Z,createdBy.icbw9@example.net,2008-12-10T00:00:00.000Z,modifiedBy.icbw9@example.net
30808378-1376-4d07-affe-0d705f3fdfab,description-30808378,owner-30808378,timeline-30808378,2016-06-11T00:00:00.000Z,createdBy.icbwa@example.net,2012-08-29T00:00:00.000Z,modifiedBy.icbwa@example.net
30808379-3eb6-4616-bf74-4e2b7de920af,description-30808379,owner-30808379,timeline-30808379,2020-12-06T00:00:00.000Z,createdBy.icbwb@example.com,2020-09-28T00:00:00.000Z,modifiedBy.icbwb@example.net
30808380-e475-45cf-8179-34f4fadc491c,description-30808380,owner-30808380,timeline-30808380,2019-08-07T00:00:00.000Z,createdBy.icbwc@example.com,2005-12-18T00:00:00.000Z,modifiedBy.icbwc@example.net
30808381-1921-4617-ae8c-bf0cb7b4cc52,description-30808381,owner-30808381,timeline-30808381,2015-12-16T00:00:00.000Z,createdBy.icbwd@example.com,2016-04-29T00:00:00.000Z,modifiedBy.icbwd@example.com
30808382-23a9-4f47-a469-2bcb2c3ea0af,description-30808382,owner-30808382,timeline-30808382,2007-09-17T00:00:00.000Z,createdBy.icbwe@example.net,2019-06-27T00:00:00.000Z,modifiedBy.icbwe@example.org
30808383-abbb-405e-a9ec-dcf25cb0fb8d,description-30808383,owner-30808383,timeline-30808383,2017-01-07T00:00:00.000Z,createdBy.icbwf@example.com,2001-12-31T00:00:00.000Z,modifiedBy.icbwf@example.com
30808384-a9b9-4d17-a036-a0b3a8531ca4,description-30808384,owner-30808384,timeline-30808384,2001-05-02T00:00:00.000Z,createdBy.icbwg@example.com,2007-02-21T00:00:00.000Z,modifiedBy.icbwg@example.net
30808385-3d3f-4782-9cb7-37f44c26c853,description-30808385,owner-30808385,timeline-30808385,2013-03-08T00:00:00.000Z,createdBy.icbwh@example.com,2001-03-20T00:00:00.000Z,modifiedBy.icbwh@example.org
30808386-498c-4cd4-8114-d63b9f9b27cf,description-30808386,owner-30808386,timeline-30808386,2023-10-05T00:00:00.000Z,createdBy.icbwi@example.net,2000-08-01T00:00:00.000Z,modifiedBy.icbwi@example.com
30808387-1f7b-4a12-8777-7967ff4fdf07,description-30808387,owner-30808387,timeline-30808387,2020-02-10T00:00:00.000Z,createdBy.icbwj@example.org,2006-09-11T00:00:00.000Z,modifiedBy.icbwj@example.net